What time is my appointment scheduled?,AppointmentTime,
When should I come for appointment?,AppointmentTime,ListSlots
What is my slot,AppointmentTime,ListSlots
Whats my slot for appointment,AppointmentTime,ListSlots
today,DateSpecified,
tomorrow,DateSpecified,
yesterday,DateSpecified,
next week,DateSpecified,
day after tomorrow,DateSpecified,
today morning,DateSpecified,
today evening,DateSpecified,
tonight,DateSpecified,
today night,DateSpecified,
tomorrow morning,DateSpecified,
tomorrow evening,DateSpecified,
tomorrow noon,DateSpecified,
after 3 o clock,DateSpecified,
after 10 o clock,DateSpecified,
available slots,ListSlots,
meeting slots,ListSlots,
What time is the slot available tomorrow,ListSlots,DateSpecified
Is the slots available today,ListSlots,DateSpecified
Can I come today for appointment?,ListSlots,DateSpecified
I am free in the noon,ListSlots,DateSpecified
I am free in the morning,ListSlots,DateSpecified
I can come in the morning,ListSlots,DateSpecified
Can I come in the morning,ListSlots,DateSpecified
How do I select the time for appointment?,ListSlots,DateSpecified
Tell me the available slots for tomorrow,ListSlots,DateSpecified
Can I come tomorrow,ListSlots,DateSpecified
Can you schedule the appointment at my convinient time please?,ListSlots,DateSpecified
Can you book the meeting when I am available?,ListSlots,DateSpecified
I want to come tomorrow,ListSlots,DateSpecified
I want to come today,ListSlots,DateSpecified
I can come tomorrow,ListSlots,DateSpecified
I can come today,ListSlots,DateSpecified
Can I come today,ListSlots,DateSpecified
Can I come tomorrow,ListSlots,DateSpecified
I can meet today,ListSlots,DateSpecified
Can you schedule today,ListSlots,DateSpecified
Can you scheudle tomorrow,ListSlots,DateSpecified
Tell me the free slots,ListSlots,
Tell me the available slots,ListSlots,
What are the available slots,ListSlots,
What are the free slots,ListSlots,
Check the slots for me,ListSlots,
Can you check the free time for me,ListSlots,
I would like to come tomorrow,ListSlots,DateSpecified
I would like to meet tomorrow,ListSlots,DateSpecified
I can visit the branch tomorrow,ListSlots,DateSpecified
10 to 11 slot please,Slotconfirmed,
11 to 12 slot please,Slotconfirmed,
anytime,Slotconfirmed,
between 11 to 12 ,Slotconfirmed,
11 o clock appointment,Slotconfirmed,BookAppointment
morning slot,Slotconfirmed,
in the morning,Slotconfirmed,
by 10 o clock,Slotconfirmed,
by 11 o clock,Slotconfirmed,
12 o clock slot,Slotconfirmed,
block you calendar,BookAppointment,
Visit Branch,BookAppointment,
book appointment,BookAppointment,
setup appointment,BookAppointment,
schedule appointment,BookAppointment,
schedule the meeting,BookAppointment,
book the meeting,BookAppointment,
Book an appointment in my home branch,BookAppointment,
Can I come to branch for account opening,BookAppointment,
Can I visit the branch for account opening,BookAppointment,
I will come to the branch for more details,BookAppointment,
Planning to open an account,AccountOpening,
Open Account,AccountOpening,
Open an Account,AccountOpening,
Open Savings Account,AccountOpening,
Open a savings account,AccountOpening,
Open Current Account,AccountOpening,
I wan to open an account,AccountOpening,
I would like to open a savings account in your bank,AccountOpening,
Can I have a account in your bank,AccountOpening,
Can I have an Savings account opened?,AccountOpening,
Can I have a Current Account Opened?,AccountOpening,
Can I have an account opened?,AccountOpening,
I need to open an Account,AccountOpening,
I need to open a Savings Account,AccountOpening,
I want to open an Savings account,AccountOpening,BookAppointment
I want to close my Savings sccount,AccountClosing,BookAppointment
How do I open a Savings account,AccountOpening,BookAppointment
How do I close a Savings account,AccountClosing,BookAppointment
Can you book an appointment for me tomorrow,BookAppointment,
Is the appointment booked,Confirmation,
Whats the reference number,Confirmation,
What is the appointment reference number,Confirmation,
Who will I be meeting in the branch?,CustomerService,
How will help me in the branch?,CustomerService,
What Documents should I bring to the branch?,DocsRequired,
List the documents required for account opening,DocsRequired,
Can I email the soft copy of the documents?,DocsRequired,
I want to cancel my appointment,AppointmentCancel,
How can I cancel the appointment,AppointmentCancel,
Can I change previously booked appointment?,AppointmentReschedule,
How can I reschedule my appointment?,AppointmentReschedule,
How can I change the appointment to a different date,AppointmentReschedule,
Change the appointment date and time,AppointmentReschedule,
Postpone the appointment,AppointmentReschedule,
Change my meeting for account opening,AppointmentReschedule,
Whats the breakfast today,NotRelevant,
Flight schedule time,NotRelevant,
Recent movies list please,NotRelevant,
What is the favourite movie?,NotRelevant,
although the train is currently stopped,NotRelevant,
"So conversing a lot, getting a dry mouth, and no chance of anything to drink until 9:20pm",NotRelevant,
World wonders are to be in to visit list,NotRelevant,
