What time is my appointment scheduled?,AppointmentTime,
When should I come for appointment?,AppointmentTime,ListSlots
What is my slot,AppointmentTime,ListSlots
Whats my slot for appointment,AppointmentTime,ListSlots
today,today,
tomorrow,tomorrow,
yesterday,NotRelevant,
today morning,today,
today evening,today,
tonight,today,
today night,today,
tomorrow morning,tomorrow,
tomorrow evening,tomorrow,
tomorrow noon,DateSpecified,
anytime,today,
anytime today,today,
anytime tomorrow,tomorrow,
after 3 o clock,today,
after 10 o clock,today,
available slots,today,
What time is the slot available tomorrow,tomorrow,
Is the slots available today,today,
Can I come today for appointment?,today,
I am free in the noon,today,
I am free in the morning,today,
I can come in the morning,today,
Can I come in the morning,today,
Tell me the available slots for tomorrow,tomorrow,
Can I come tomorrow,tomorrow,
I want to come tomorrow,tomorrow,
I want to come today,today,
I can come tomorrow,tomorrow,
I can come today,today,
Can I come today,today,
Can I come tomorrow,tomorrow,
I can meet today,today,
Can you schedule today,today,
Can you scheudle tomorrow,tomorrow,
Tell me the free slots,ListSlots,
Tell me the available slots,ListSlots,
What are the available slots,ListSlots,
What are the free slots,ListSlots,
Check the slots for me,ListSlots,
Can you check the free time for me,ListSlots,
I would like to come tomorrow,tomorrow,
I would like to meet tomorrow,tomorrow,
I can visit the branch tomorrow,tomorrow,
10 to 11 slot please,today,
11 to 12 slot please,today,
anytime,today,
between 11 to 12 ,today,
11 o clock appointment,today,BookAppointment
morning slot,today,
in the morning,today,
by 10 o clock,today,
by 11 o clock,today,
12 o clock slot,today,
block you calendar,BookAppointment,
Visit Branch,BookAppointment,
book appointment,BookAppointment,
setup appointment,BookAppointment,
schedule appointment,BookAppointment,
schedule the meeting,BookAppointment,
Can you book an appointment for me,BookAppointment,
Appointment booking please,BookAppointment,
need appointment,BookAppointment,
book the meeting,BookAppointment,
Book an appointment in my home branch,BookAppointment,
Can I come to branch for account opening,BookAppointment,
Can I visit the branch for account opening,BookAppointment,
I will come to the branch for more details,BookAppointment,
Planning to open an account,AccountOpening,
Open Account,AccountOpening,
Open an Account,AccountOpening,
Open Savings Account,AccountOpening,
Open a savings account,AccountOpening,
Open Current Account,AccountOpening,
I wan to open an account,AccountOpening,
I would like to open a savings account in your bank,AccountOpening,
Can I have a account in your bank,AccountOpening,
Can I have an Savings account opened?,AccountOpening,
Can I have a Current Account Opened?,AccountOpening,
Can I have an account opened?,AccountOpening,
I need to open an Account,AccountOpening,
I need to open a Savings Account,AccountOpening,
I want to open an Savings account,AccountOpening,
I want to close my Savings sccount,AccountClosing,
How do I open a Savings account,AccountOpening,
How do I close a Savings account,AccountClosing,
Can you book an appointment for me tomorrow,BookAppointment,
Is the appointment booked,Confirmation,
Whats the reference number,Confirmation,
What is the appointment reference number,Confirmation,
Who will I be meeting in the branch?,CustomerService,
How will help me in the branch?,CustomerService,
What Documents should I bring to the branch?,DocsRequired,
List the documents required for account opening,DocsRequired,
Can I email the soft copy of the documents?,DocsRequired,
I want to cancel my appointment,AppointmentCancel,
How can I cancel the appointment,AppointmentCancel,
Can I change previously booked appointment?,AppointmentReschedule,
How can I reschedule my appointment?,AppointmentReschedule,
How can I change the appointment to a different date,AppointmentReschedule,
Change the appointment date and time,AppointmentReschedule,
Postpone the appointment,AppointmentReschedule,
Change my meeting for account opening,AppointmentReschedule,
Whats the breakfast today,NotRelevant,
Flight schedule time,NotRelevant,
Recent movies list please,NotRelevant,
What is the favourite movie?,NotRelevant,
although the train is currently stopped,NotRelevant,
"So conversing a lot, getting a dry mouth, and no chance of anything to drink until 9:20pm",NotRelevant,
World wonders are to be in to visit list,NotRelevant,
