<?xml version="1.0" encoding="UTF-8"?>
<dialog xsi:noNamespaceSchemaLocation="WatsonDialogDocument_1.0.xsd" xmlns:xsi="http://www.w3.org/2001/XMLSchema-instance">
    <flow>
        <folder label="Main">
            <output>
                <prompt selectionType="RANDOM">
                    <item>Hi, I'm Abi - Appointment booking Interactive system. I can help you book an appointment with Lloyds bank?</item>
                </prompt>
                <goto ref="getUserInput_2442994"/>
            </output>
            <output>

                <getUserInput id="getUserInput_2442994">
                    <search ref="folder_2442998"/>
                    <default>
                        <output>
                            <prompt selectionType="RANDOM">
                                <item>I'm sorry I did not understand your question. All I can do is help you order a pizza...</item>
                                <item>I did not quite get that.</item>
                                <item>I didnt grasp what you said.</item>
                                <item>I'm not following you at the moment.</item>
                            </prompt>
                        </output>
                    </default>
                </getUserInput>
            </output>
        </folder>
        <folder label="Library">
            <folder label="Live Content" id="folder_2442998">
                
				
<input>
    <grammar>
        <item>I want to open an account</item>
		<item>I would like to open an account</item>
		<item>I would like to open * account</item>
		<item>$ would like to open * account</item>
		<item>$ want to open * account</item>
		<item>* I * open * account</item>
    </grammar>
    <output>
        <prompt selectionType="RANDOM">
            <item>Thats Great, can I take some information.</item>
        </prompt>
        <getUserInput>
            <input>
                <grammar>
                    <item>yes</item>
                </grammar>
       
                <output>
                    <prompt selectionType="RANDOM">
                        <item>Thanks.Can I book tomorrow?</item>
                    </prompt>

							<getUserInput>
								<input>
									<grammar>
										<item>no</item>
									</grammar>
						   
									<output>
										<prompt selectionType="RANDOM">
											<item>Sorry, What time are you free?</item>
										</prompt>
									</output>
								</input>
								</getUserInput>

                </output>
            </input>



        </getUserInput>
    </output>
</input>


			<!--  Insert Greeting folder here  --> 

                
            </folder>
            <folder label="Storage"/>
        </folder>
        <folder label="Global"/>

		
		
			
    		<!-- Insert CONCEPTS folder here-->        


    </flow>
    
	<variables>
    <var_folder name="Home">
        <var name="PostalCode" type="TEXT" description="The user's postal code"/>
        <var name="PizzaType" type="TEXT" description="What type of pizza the user has ordered"/>
        <var name="User_Name" type="TEXT" initValue="friend"/>
    </var_folder>
</variables>



    <settings>
        <setting name="USERIDNUM" type="USER">759</setting>
        <setting name="EMAIL" type="USER"></setting>
        <setting name="PASSWORD" type="USER"></setting>
        <setting name="FIRSTNAME" type="USER">IBM</setting>
        <setting name="LASTNAME" type="USER">Watson</setting>

    </settings>
    <specialSettings>
        <specialSetting label="DNR Join Statement">
            <variations/>
        </specialSetting>
    </specialSettings>
</dialog>
