<?xml version="1.0" encoding="UTF-8"?>
<dialog xsi:noNamespaceSchemaLocation="WatsonDialogDocument_1.0.xsd" xmlns:xsi="http://www.w3.org/2001/XMLSchema-instance">
    <flow>
        <folder label="Main">
            <output>
                <prompt selectionType="RANDOM">
                    <item>Hi, I'm Abi - Appointment booking Interactive system. I can help you book an appointment with Lloyds bank?</item>
                </prompt>
                <goto ref="getUserInput_2442994"/>
            </output>
            <output>

                <getUserInput id="getUserInput_2442994">
                    <search ref="folder_2442998"/>
                    <default>
                        <output>
                            <prompt selectionType="RANDOM">
                                <item>I'm sorry I did not understand your question. All I can do is help you order a pizza...</item>
                                <item>I did not quite get that.</item>
                                <item>I didnt grasp what you said.</item>
                                <item>I'm not following you at the moment.</item>
                            </prompt>
                        </output>
						<action varName="DefaultFlag" operator="SET_TO">true</action>
                    </default>
                </getUserInput>
            </output>
        </folder>
        <folder label="Library">
            <folder label="Live Content" id="folder_2442998">
                
				
<input>
    <grammar>
		<item>AccountOpening</item>
        <item>I want to open an account</item>
		<item>I would like to open an account</item>
		<item>I would like to open * account</item>
		<item>$ would like to open * account</item>
		<item>$ want to open * account</item>
		<item>* I * open * account</item>
    </grammar>
    <output>
        <prompt selectionType="RANDOM">
            <item>Thats Great, can I take some information.</item>
        </prompt>
        <getUserInput>
            <input>
                <grammar>
                    <item>yes</item>
                </grammar>
       
                <output>
                    <prompt selectionType="RANDOM">
                        <item>Thanks.Can I book tomorrow?</item>
                    </prompt>

							<getUserInput>
								<input>
									<grammar>
										<item>no</item>
									</grammar>
						   
									<output>
										<prompt selectionType="RANDOM">
											<item>Sorry, What time are you free?</item>
										</prompt>
									</output>
								</input>
								<input>
									<grammar><item>yes</item><item>ok</item>
									</grammar>		
									<action varName="AppointmentTime" operator="SET_TO">TomorrowAppointment</action>
									<action varName="User_Name" operator="SET_TO">Kavitha</action>
									<output>
										<prompt selectionType="RANDOM">
											<item>Ok I am booking an appointment for you {AppointmentTime} !!! </item>
										</prompt>
									</output>
									
								</input>



								</getUserInput>

                </output>
            </input>



        </getUserInput>
    </output>
</input>


			<!--  Insert Greeting folder here  --> 

                
            </folder>
            <folder label="Storage"/>
        </folder>
        <folder label="Global"/>

		
		
			
    		<!-- Insert CONCEPTS folder here-->        


    </flow>
    
	<variables>
    <var_folder name="Home">
        <var name="PostalCode" type="TEXT" description="The user's postal code"/>
        <var name="PizzaType" type="TEXT" description="What type of pizza the user has ordered"/>
        <var name="User_Name" type="TEXT" initValue="friend"/>
		<var name="AppointmentTime" type="TEXT" description="appointment slot time" />
		<var name="DefaultFlag" type="TEXT" description="Default flag is set for Default answer"/>
		<var name="NLCFlag" type="TEXT" description="NLC flag is set for Default answer"/>
		<var name="NLCClass" type="TEXT" description="NLC classified class"/>
		<var name="NLCConfidence" type="TEXT" description="NLC classified class confidence level"/>

    </var_folder>
</variables>



    <settings>
        <setting name="EMAIL" type="USER"></setting>
        <setting name="DISPLAYNAME" type="USER">Watson</setting>
        <setting name="SENDCHATEMAIL" type="USER">false</setting>
        <setting name="CACHE" type="USER">true</setting>
        <setting name="AUTOLEARN" type="USER">false</setting>
        <setting name="LANGUAGE" type="USER">EN</setting>
        <setting name="RESPONSETIME" type="USER">-2</setting>
        <setting name="MAXAUTOLEARNITEMS" type="USER">2</setting>
        <setting name="NUMAUTOSETRELATED" type="USER">0</setting>
        <setting name="TIMEZONEID" type="USER">America/Tijuana</setting>
        <setting name="AUTOSETRELATEDNODEID" type="USER">2158864</setting>
        <setting name="INPUTMASKTYPE" type="USER">0</setting>
        <setting name="CONCEPTMATCHING" type="USER">1</setting>
        <setting name="UI_COLOUR"></setting>
        <setting name="DNR_NODE_ID">-16</setting>
        <setting name="USE_CONCEPTS">1</setting>
        <setting name="PARENT_ACCOUNT">pconcepts</setting>
        <setting name="AL_NONE_LABEL">None of the above</setting>
        <setting name="ASR_RANDOM">true</setting>
        <setting name="DYNAMIC_MESSAGING">false</setting>
        <setting name="DOCBASE_NUM_RESULTS">0</setting>
        <setting name="DOCBASE_DESC_LEN">250</setting>
        <setting name="STATUS">0</setting>
        <setting name="DEFAULT_DNR_RETURN_POINT_CANDIDATE">-1</setting>
        <setting name="ENTITIES_SCOPE">3</setting>
        <setting name="POSTNODEID"></setting>
        <setting name="MULTISENT">0</setting>

    </settings>
    <specialSettings>
        <specialSetting label="DNR Join Statement">
            <variations/>
        </specialSetting>
    </specialSettings>
</dialog>
